Workbook
Name EmployeeNames: tblEmployees[Name]
Name WeekStart: Schedule!$B$1

Sheet Employees
A1: Employee_ID | B1: Name | C1: Role | D1: MaxHoursPerWeek | E1: OverTimeAllowed | F1: AvailableMon | G1: AvailableTue | H1: AvailableWed | I1: AvailableThu | J1: AvailableFri | K1: AvailableSat | L1: AvailableSun
A2: E001 | B2: Venu | C2: Sales Associate | D2: 40 | E2: Yes | F2: Yes | G2: Yes | H2: Yes | I2: Yes | J2: Yes | K2: Yes | L2: No
A3: E002 | B3: Sangeetha | C3: Sales Associate | D3: 40 | E3: Yes | F3: Yes | G3: Yes | H3: Yes | I3: Yes | J3: Yes | K3: No | L3: No
A4: E003 | B4: Ravi | C4: Sales Associate | D4: 40 | E4: No | F4: Yes | G4: Yes | H4: Yes | I4: Yes | J4: Yes | K4: No | L4: No
A5: E004 | B5: Rushitha | C5: Sales Associate | D5: 40 | E5: No | F5: Yes | G5: Yes | H5: Yes | I5: Yes | J5: Yes | K5: Yes | L5: Yes
A6: E005 | B6: Ishnai | C6: Sales Associate | D6: 40 | E6: Yes | F6: No | G6: No | H6: Yes | I6: Yes | J6: Yes | K6: Yes | L6: Yes
A7: E006 | B7: Vindhya | C7: Sales Associate | D7: 40 | E7: No | F7: Yes | G7: Yes | H7: Yes | I7: Yes | J7: Yes | K7: No | L7: No
A8: E007 | B8: Varshith | C8: Sales Associate | D8: 40 | E8: Yes | F8: Yes | G8: Yes | H8: Yes | I8: Yes | J8: Yes | K8: Yes | L8: No
A9: E008 | B9: Ashwitha | C9: Sales Associate | D9: 40 | E9: No | F9: Yes | G9: Yes | H9: Yes | I9: Yes | J9: Yes | K9: Yes | L9: Yes
A10: E009 | B10: Srivarsha | C10: Sales Associate | D10: 40 | E10: No | F10: Yes | G10: Yes | H10: Yes | I10: Yes | J10: Yes | K10: No | L10: No
A11: E010 | B11: Vardhan | C11: Sales Associate | D11: 40 | E11: Yes | F11: No | G11: Yes | H11: Yes | I11: Yes | J11: Yes | K11: Yes | L11: Yes
A12: E011 | B12: Prem | C12: Sales Associate | D12: 40 | E12: Yes | F12: Yes | G12: Yes | H12: Yes | I12: Yes | J12: Yes | K12: Yes | L12: Yes
A13: E012 | B13: Manasa | C13: Sales Associate | D13: 40 | E13: No | F13: Yes | G13: Yes | H13: Yes | I13: Yes | J13: Yes | K13: Yes | L13: No

Sheet Shifts
A1: Shift_Id | B1: ShiftName | C1: StartTime | D1: EndTime | E1: HoursPerShift
A2: S_Morning | B2: Morning | C2: 0.33333333 | D2: 0.66666667 | E2: 8
A3: S_Afternoon | B3: Afternoon | C3: 0.5 | D3: 0.83333333 | E3: 8
A4: S_Evening | B4: Evening | C4: 0.66666667 | D4: 0 | E4: 8

Sheet Schedule
A1: Week of | B1: 46174
A3: Day | B3: Date | C3: Morning | D3: Afternoon | E3: Evening
A4: Monday | B4: =WeekStart -> 46174 | C4: Venu | D4: Ravi | E4: Venu
A5: Tuesday | B5: =WeekStart + 1 -> 46175 | C5: Sangeetha | D5: Ishnai | E5: Vardhan
A6: Wednesday | B6: {=WeekStart+2} -> 46176 | C6: Rushitha | D6: Ashwitha | E6: Prem
A7: Thursday | B7: {=WeekStart+3} -> 46177 | C7: Vindhya | D7: Srivarsha | E7: Srivarsha
A8: Friday | B8: {=WeekStart+4} -> 46178 | C8: Manasa | D8: Vardhan | E8: Varshith
A9: Saturday | B9: {=WeekStart+5} -> 46179 | C9: Venu | D9: Ishnai | E9: Manasa
A10: Sunday | B10: {=WeekStart+6} -> 46180 | C10: Rushitha | D10: Rushitha | E10: Varshith
A13: Employee_Id | B13: Name | C13: Role | D13: MaxHoursPerWeek | E13: OverTimeAllowed | F13: AvailableMon | G13: AvailableTue | H13: AvailableWed | I13: AvailableThu | J13: AvailableFri | K13: AvailableSat | L13: AvailableSun | M13: TotalHours | N13: OverTimeHours | O13: HasDoubleShift | P13: HasAvailabilityViolation
A14: E001 | B14: Venu | C14: Sales Associate | D14: 40 | E14: Yes | F14: Yes | G14: Yes | H14: Yes | I14: Yes | J14: Yes | K14: Yes | L14: No | M14: =COUNTIF($C$4:$E$10, B14) * 8 -> 24 | N14: =MAX(0, M14 - D14) -> 0 | O14: =IF( OR( COUNTIF($C$4:$E$4, B14)>1, COUNTIF($C$5:$E$5, B14)>1, COUNTIF($C$6:$E$6, B14)>1, COUNTIF($C$7:$E$7, B14)>1, COUNTIF($C$8:$E$8, B14)>1, COUNTIF($C$9:$E$9, B14)>1, COUNTIF($C$10:$E$10, B14)>1 ), "Yes", "No" ) -> Yes | P14: =IF( OR( AND(COUNTIF($C$4:$E$4, B14)>0, F14="No"), AND(COUNTIF($C$5:$E$5, B14)>0, G14="No"), AND(COUNTIF($C$6:$E$6, B14)>0, H14="No"), AND(COUNTIF($C$7:$E$7, B14)>0, I14="No"), AND(COUNTIF($C$8:$E$8, B14)>0, J14="No"), AND(COUNTIF($C$9:$E$9, B14)>0, K14="No"), AND(COUNTIF($C$10:$E$10, B14)>0, L14="No") ), "Yes", "No" ) -> No
A15: E002 | B15: Sangeetha | C15: Sales Associate | D15: 40 | E15: Yes | F15: Yes | G15: Yes | H15: Yes | I15: Yes | J15: Yes | K15: No | L15: No | M15: =COUNTIF($C$4:$E$10, B15) * 8 -> 8 | N15: =MAX(0, M14 - D14) -> 0 | O15: =IF( OR( COUNTIF($C$4:$E$4, B15)>1, COUNTIF($C$5:$E$5, B15)>1, COUNTIF($C$6:$E$6, B15)>1, COUNTIF($C$7:$E$7, B15)>1, COUNTIF($C$8:$E$8, B15)>1, COUNTIF($C$9:$E$9, B15)>1, COUNTIF($C$10:$E$10, B15)>1 ), "Yes", "No" ) -> No | P15: =IF( OR( AND(COUNTIF($C$4:$E$4, B15)>0, F15="No"), AND(COUNTIF($C$5:$E$5, B15)>0, G15="No"), AND(COUNTIF($C$6:$E$6, B15)>0, H15="No"), AND(COUNTIF($C$7:$E$7, B15)>0, I15="No"), AND(COUNTIF($C$8:$E$8, B15)>0, J15="No"), AND(COUNTIF($C$9:$E$9, B15)>0, K15="No"), AND(COUNTIF($C$10:$E$10, B15)>0, L15="No") ), "Yes", "No" ) -> No
A16: E003 | B16: Ravi | C16: Sales Associate | D16: 40 | E16: No | F16: Yes | G16: Yes | H16: Yes | I16: Yes | J16: Yes | K16: No | L16: No | M16: =COUNTIF($C$4:$E$10, B16) * 8 -> 8 | N16: =MAX(0, M15 - D15) -> 0 | O16: =IF( OR( COUNTIF($C$4:$E$4, B16)>1, COUNTIF($C$5:$E$5, B16)>1, COUNTIF($C$6:$E$6, B16)>1, COUNTIF($C$7:$E$7, B16)>1, COUNTIF($C$8:$E$8, B16)>1, COUNTIF($C$9:$E$9, B16)>1, COUNTIF($C$10:$E$10, B16)>1 ), "Yes", "No" ) -> No | P16: =IF( OR( AND(COUNTIF($C$4:$E$4, B16)>0, F16="No"), AND(COUNTIF($C$5:$E$5, B16)>0, G16="No"), AND(COUNTIF($C$6:$E$6, B16)>0, H16="No"), AND(COUNTIF($C$7:$E$7, B16)>0, I16="No"), AND(COUNTIF($C$8:$E$8, B16)>0, J16="No"), AND(COUNTIF($C$9:$E$9, B16)>0, K16="No"), AND(COUNTIF($C$10:$E$10, B16)>0, L16="No") ), "Yes", "No" ) -> No
A17: E004 | B17: Rushitha | C17: Sales Associate | D17: 40 | E17: No | F17: Yes | G17: Yes | H17: Yes | I17: Yes | J17: Yes | K17: Yes | L17: Yes | M17: =COUNTIF($C$4:$E$10, B17) * 8 -> 24 | N17: =MAX(0, M16 - D16) -> 0 | O17: =IF( OR( COUNTIF($C$4:$E$4, B17)>1, COUNTIF($C$5:$E$5, B17)>1, COUNTIF($C$6:$E$6, B17)>1, COUNTIF($C$7:$E$7, B17)>1, COUNTIF($C$8:$E$8, B17)>1, COUNTIF($C$9:$E$9, B17)>1, COUNTIF($C$10:$E$10, B17)>1 ), "Yes", "No" ) -> Yes | P17: =IF( OR( AND(COUNTIF($C$4:$E$4, B17)>0, F17="No"), AND(COUNTIF($C$5:$E$5, B17)>0, G17="No"), AND(COUNTIF($C$6:$E$6, B17)>0, H17="No"), AND(COUNTIF($C$7:$E$7, B17)>0, I17="No"), AND(COUNTIF($C$8:$E$8, B17)>0, J17="No"), AND(COUNTIF($C$9:$E$9, B17)>0, K17="No"), AND(COUNTIF($C$10:$E$10, B17)>0, L17="No") ), "Yes", "No" ) -> No
A18: E005 | B18: Ishnai | C18: Sales Associate | D18: 40 | E18: Yes | F18: No | G18: No | H18: Yes | I18: Yes | J18: Yes | K18: Yes | L18: Yes | M18: =COUNTIF($C$4:$E$10, B18) * 8 -> 16 | N18: =MAX(0, M17 - D17) -> 0 | O18: =IF( OR( COUNTIF($C$4:$E$4, B18)>1, COUNTIF($C$5:$E$5, B18)>1, COUNTIF($C$6:$E$6, B18)>1, COUNTIF($C$7:$E$7, B18)>1, COUNTIF($C$8:$E$8, B18)>1, COUNTIF($C$9:$E$9, B18)>1, COUNTIF($C$10:$E$10, B18)>1 ), "Yes", "No" ) -> No | P18: =IF( OR( AND(COUNTIF($C$4:$E$4, B18)>0, F18="No"), AND(COUNTIF($C$5:$E$5, B18)>0, G18="No"), AND(COUNTIF($C$6:$E$6, B18)>0, H18="No"), AND(COUNTIF($C$7:$E$7, B18)>0, I18="No"), AND(COUNTIF($C$8:$E$8, B18)>0, J18="No"), AND(COUNTIF($C$9:$E$9, B18)>0, K18="No"), AND(COUNTIF($C$10:$E$10, B18)>0, L18="No") ), "Yes", "No" ) -> Yes
A19: E006 | B19: Vindhya | C19: Sales Associate | D19: 40 | E19: No | F19: Yes | G19: Yes | H19: Yes | I19: Yes | J19: Yes | K19: No | L19: No | M19: =COUNTIF($C$4:$E$10, B19) * 8 -> 8 | N19: =MAX(0, M18 - D18) -> 0 | O19: =IF( OR( COUNTIF($C$4:$E$4, B19)>1, COUNTIF($C$5:$E$5, B19)>1, COUNTIF($C$6:$E$6, B19)>1, COUNTIF($C$7:$E$7, B19)>1, COUNTIF($C$8:$E$8, B19)>1, COUNTIF($C$9:$E$9, B19)>1, COUNTIF($C$10:$E$10, B19)>1 ), "Yes", "No" ) -> No | P19: =IF( OR( AND(COUNTIF($C$4:$E$4, B19)>0, F19="No"), AND(COUNTIF($C$5:$E$5, B19)>0, G19="No"), AND(COUNTIF($C$6:$E$6, B19)>0, H19="No"), AND(COUNTIF($C$7:$E$7, B19)>0, I19="No"), AND(COUNTIF($C$8:$E$8, B19)>0, J19="No"), AND(COUNTIF($C$9:$E$9, B19)>0, K19="No"), AND(COUNTIF($C$10:$E$10, B19)>0, L19="No") ), "Yes", "No" ) -> No
A20: E007 | B20: Varshith | C20: Sales Associate | D20: 40 | E20: Yes | F20: Yes | G20: Yes | H20: Yes | I20: Yes | J20: Yes | K20: Yes | L20: No | M20: =COUNTIF($C$4:$E$10, B20) * 8 -> 16 | N20: =MAX(0, M19 - D19) -> 0 | O20: =IF( OR( COUNTIF($C$4:$E$4, B20)>1, COUNTIF($C$5:$E$5, B20)>1, COUNTIF($C$6:$E$6, B20)>1, COUNTIF($C$7:$E$7, B20)>1, COUNTIF($C$8:$E$8, B20)>1, COUNTIF($C$9:$E$9, B20)>1, COUNTIF($C$10:$E$10, B20)>1 ), "Yes", "No" ) -> No | P20: =IF( OR( AND(COUNTIF($C$4:$E$4, B20)>0, F20="No"), AND(COUNTIF($C$5:$E$5, B20)>0, G20="No"), AND(COUNTIF($C$6:$E$6, B20)>0, H20="No"), AND(COUNTIF($C$7:$E$7, B20)>0, I20="No"), AND(COUNTIF($C$8:$E$8, B20)>0, J20="No"), AND(COUNTIF($C$9:$E$9, B20)>0, K20="No"), AND(COUNTIF($C$10:$E$10, B20)>0, L20="No") ), "Yes", "No" ) -> Yes
A21: E008 | B21: Ashwitha | C21: Sales Associate | D21: 40 | E21: No | F21: Yes | G21: Yes | H21: Yes | I21: Yes | J21: Yes | K21: Yes | L21: Yes | M21: =COUNTIF($C$4:$E$10, B21) * 8 -> 8 | N21: =MAX(0, M20 - D20) -> 0 | O21: =IF( OR( COUNTIF($C$4:$E$4, B21)>1, COUNTIF($C$5:$E$5, B21)>1, COUNTIF($C$6:$E$6, B21)>1, COUNTIF($C$7:$E$7, B21)>1, COUNTIF($C$8:$E$8, B21)>1, COUNTIF($C$9:$E$9, B21)>1, COUNTIF($C$10:$E$10, B21)>1 ), "Yes", "No" ) -> No | P21: =IF( OR( AND(COUNTIF($C$4:$E$4, B21)>0, F21="No"), AND(COUNTIF($C$5:$E$5, B21)>0, G21="No"), AND(COUNTIF($C$6:$E$6, B21)>0, H21="No"), AND(COUNTIF($C$7:$E$7, B21)>0, I21="No"), AND(COUNTIF($C$8:$E$8, B21)>0, J21="No"), AND(COUNTIF($C$9:$E$9, B21)>0, K21="No"), AND(COUNTIF($C$10:$E$10, B21)>0, L21="No") ), "Yes", "No" ) -> No
A22: E009 | B22: Srivarsha | C22: Sales Associate | D22: 40 | E22: No | F22: Yes | G22: Yes | H22: Yes | I22: Yes | J22: Yes | K22: No | L22: No | M22: =COUNTIF($C$4:$E$10, B22) * 8 -> 16 | N22: =MAX(0, M21 - D21) -> 0 | O22: =IF( OR( COUNTIF($C$4:$E$4, B22)>1, COUNTIF($C$5:$E$5, B22)>1, COUNTIF($C$6:$E$6, B22)>1, COUNTIF($C$7:$E$7, B22)>1, COUNTIF($C$8:$E$8, B22)>1, COUNTIF($C$9:$E$9, B22)>1, COUNTIF($C$10:$E$10, B22)>1 ), "Yes", "No" ) -> Yes | P22: =IF( OR( AND(COUNTIF($C$4:$E$4, B22)>0, F22="No"), AND(COUNTIF($C$5:$E$5, B22)>0, G22="No"), AND(COUNTIF($C$6:$E$6, B22)>0, H22="No"), AND(COUNTIF($C$7:$E$7, B22)>0, I22="No"), AND(COUNTIF($C$8:$E$8, B22)>0, J22="No"), AND(COUNTIF($C$9:$E$9, B22)>0, K22="No"), AND(COUNTIF($C$10:$E$10, B22)>0, L22="No") ), "Yes", "No" ) -> No
A23: E010 | B23: Vardhan | C23: Sales Associate | D23: 40 | E23: Yes | F23: No | G23: Yes | H23: Yes | I23: Yes | J23: Yes | K23: Yes | L23: Yes | M23: =COUNTIF($C$4:$E$10, B23) * 8 -> 16 | N23: =MAX(0, M22 - D22) -> 0 | O23: =IF( OR( COUNTIF($C$4:$E$4, B23)>1, COUNTIF($C$5:$E$5, B23)>1, COUNTIF($C$6:$E$6, B23)>1, COUNTIF($C$7:$E$7, B23)>1, COUNTIF($C$8:$E$8, B23)>1, COUNTIF($C$9:$E$9, B23)>1, COUNTIF($C$10:$E$10, B23)>1 ), "Yes", "No" ) -> No | P23: =IF( OR( AND(COUNTIF($C$4:$E$4, B23)>0, F23="No"), AND(COUNTIF($C$5:$E$5, B23)>0, G23="No"), AND(COUNTIF($C$6:$E$6, B23)>0, H23="No"), AND(COUNTIF($C$7:$E$7, B23)>0, I23="No"), AND(COUNTIF($C$8:$E$8, B23)>0, J23="No"), AND(COUNTIF($C$9:$E$9, B23)>0, K23="No"), AND(COUNTIF($C$10:$E$10, B23)>0, L23="No") ), "Yes", "No" ) -> No
A24: E011 | B24: Prem | C24: Sales Associate | D24: 40 | E24: Yes | F24: Yes | G24: Yes | H24: Yes | I24: Yes | J24: Yes | K24: Yes | L24: Yes | M24: =COUNTIF($C$4:$E$10, B24) * 8 -> 8 | N24: =MAX(0, M23 - D23) -> 0 | O24: =IF( OR( COUNTIF($C$4:$E$4, B24)>1, COUNTIF($C$5:$E$5, B24)>1, COUNTIF($C$6:$E$6, B24)>1, COUNTIF($C$7:$E$7, B24)>1, COUNTIF($C$8:$E$8, B24)>1, COUNTIF($C$9:$E$9, B24)>1, COUNTIF($C$10:$E$10, B24)>1 ), "Yes", "No" ) -> No | P24: =IF( OR( AND(COUNTIF($C$4:$E$4, B24)>0, F24="No"), AND(COUNTIF($C$5:$E$5, B24)>0, G24="No"), AND(COUNTIF($C$6:$E$6, B24)>0, H24="No"), AND(COUNTIF($C$7:$E$7, B24)>0, I24="No"), AND(COUNTIF($C$8:$E$8, B24)>0, J24="No"), AND(COUNTIF($C$9:$E$9, B24)>0, K24="No"), AND(COUNTIF($C$10:$E$10, B24)>0, L24="No") ), "Yes", "No" ) -> No
A25: E012 | B25: Manasa | C25: Sales Associate | D25: 40 | E25: No | F25: Yes | G25: Yes | H25: Yes | I25: Yes | J25: Yes | K25: Yes | L25: No | M25: =COUNTIF($C$4:$E$10, B25) * 8 -> 16 | N25: =MAX(0, M24 - D24) -> 0 | O25: =IF( OR( COUNTIF($C$4:$E$4, B25)>1, COUNTIF($C$5:$E$5, B25)>1, COUNTIF($C$6:$E$6, B25)>1, COUNTIF($C$7:$E$7, B25)>1, COUNTIF($C$8:$E$8, B25)>1, COUNTIF($C$9:$E$9, B25)>1, COUNTIF($C$10:$E$10, B25)>1 ), "Yes", "No" ) -> No | P25: =IF( OR( AND(COUNTIF($C$4:$E$4, B25)>0, F25="No"), AND(COUNTIF($C$5:$E$5, B25)>0, G25="No"), AND(COUNTIF($C$6:$E$6, B25)>0, H25="No"), AND(COUNTIF($C$7:$E$7, B25)>0, I25="No"), AND(COUNTIF($C$8:$E$8, B25)>0, J25="No"), AND(COUNTIF($C$9:$E$9, B25)>0, K25="No"), AND(COUNTIF($C$10:$E$10, B25)>0, L25="No") ), "Yes", "No" ) -> No

Sheet Dashboard
A1: Sales Associate Shift Planner Dashboard
A3: KPIs | B3: Value | D3: Employee | E3: Total Hours
A4: Total Employees | B4: =COUNTA(Schedule!B14:B25) -> 12 | D4: =Schedule!B14 -> Venu | E4: =Schedule!M14 -> 24
A5: Total Hours Scheduled | B5: =SUM(Schedule!M14:M25) -> 168 | D5: =Schedule!B15 -> Sangeetha | E5: =Schedule!M15 -> 8
A6: Overtime Hours | B6: =SUM(Schedule!N14:N25) -> 0 | D6: =Schedule!B16 -> Ravi | E6: =Schedule!M16 -> 8
A7: Employees with DoubleShifts | B7: =COUNTIF(Schedule!O14:O25,"Yes") -> 3 | D7: =Schedule!B17 -> Rushitha | E7: =Schedule!M17 -> 24
A8: Employees with Availability Violations | B8: =COUNTIF(Schedule!P14:P25,"Yes") -> 2 | D8: =Schedule!B18 -> Ishnai | E8: =Schedule!M18 -> 16
A9: Average Hours per Employee | B9: =IFERROR(SUM(Schedule!M14:M25)/COUNTA(Schedule!B14:B25),0) -> 14 | D9: =Schedule!B19 -> Vindhya | E9: =Schedule!M19 -> 8
A10: Employees with Overtime | B10: =COUNTIF(Schedule!N14:N25,">0") -> 0 | D10: =Schedule!B20 -> Varshith | E10: =Schedule!M20 -> 16
A11: Employees with Conflicts | B11: =COUNTIF(Schedule!O14:O25,"Yes")+COUNTIF(Schedule!P14:P25,"Yes") -> 5 | D11: =Schedule!B21 -> Ashwitha | E11: =Schedule!M21 -> 8
D12: =Schedule!B22 -> Srivarsha | E12: =Schedule!M22 -> 16
D13: =Schedule!B23 -> Vardhan | E13: =Schedule!M23 -> 16
D14: =Schedule!B24 -> Prem | E14: =Schedule!M24 -> 8
D15: =Schedule!B25 -> Manasa | E15: =Schedule!M25 -> 16
D19: Issue | E19: Count
D20: Double Shifts | E20: =COUNTIF(Schedule!O14:O25,"Yes") -> 3
D21: Availability Violations | E21: =COUNTIF(Schedule!O14:P25,"Yes") -> 5
D22: Overtime | E22: =COUNTIF(Schedule!N14:N25,">0") -> 0
